{
	"animationmode" : "randomframe",
	"children" : null,
	"controlpoint" : 
	[
		{
			"flags" : 0,
			"id" : 0,
			"offset" : "0 0 0"
		},
		{
			"flags" : 0,
			"id" : 1,
			"offset" : "0 0 0"
		},
		{
			"flags" : 0,
			"id" : 2,
			"offset" : "0 0 0"
		},
		{
			"flags" : 0,
			"id" : 3,
			"offset" : "0 0 0"
		},
		{
			"flags" : 0,
			"id" : 4,
			"offset" : "0 0 0"
		},
		{
			"flags" : 0,
			"id" : 5,
			"offset" : "0 0 0"
		},
		{
			"flags" : 0,
			"id" : 6,
			"offset" : "0 0 0"
		},
		{
			"flags" : 0,
			"id" : 7,
			"offset" : "0 0 0"
		}
	],
	"emitter" : 
	[
		{
			"directions" : "1 0.1 0",
			"distancemax" : 900,
			"distancemin" : 0,
			"id" : 8,
			"name" : "sphererandom",
			"origin" : "0 0 0",
			"rate" : 30
		}
	],
	"flags" : 2,
	"initializer" : 
	[
		{
			"id" : 2,
			"max" : 5,
			"min" : 3,
			"name" : "lifetimerandom"
		},
		{
			"id" : 3,
			"max" : 25,
			"min" : 15,
			"name" : "sizerandom"
		},
		{
			"id" : 4,
			"max" : "50 50 0",
			"min" : "-50 -50 0",
			"name" : "velocityrandom"
		},
		{
			"id" : 5,
			"max" : "255 0 0",
			"min" : "255 135 0",
			"name" : "colorrandom"
		},
		{
			"id" : 6,
			"name" : "angularvelocityrandom"
		},
		{
			"id" : 7,
			"name" : "turbulentvelocityrandom",
			"scale" : 0.29999999999999999
		}
	],
	"material" : "materials/presets/wildfireembers.json",
	"maxcount" : 100,
	"operator" : 
	[
		{
			"gravity" : "0 0 0",
			"id" : 9,
			"name" : "movement"
		},
		{
			"fadeintime" : 0.5,
			"id" : 10,
			"name" : "alphafade"
		},
		{
			"force" : "0 0 0",
			"id" : 11,
			"name" : "angularmovement"
		}
	],
	"renderer" : 
	[
		{
			"id" : 1,
			"name" : "sprite"
		}
	],
	"sequencemultiplier" : null,
	"starttime" : 1
}