{
	"children" : null,
	"controlpoint" : 
	[
		{
			"flags" : 0,
			"id" : 0,
			"offset" : "0 0 0"
		},
		{
			"flags" : 0,
			"id" : 1,
			"offset" : "0 0 0"
		},
		{
			"flags" : 0,
			"id" : 2,
			"offset" : "0 0 0"
		},
		{
			"flags" : 0,
			"id" : 3,
			"offset" : "0 0 0"
		},
		{
			"flags" : 0,
			"id" : 4,
			"offset" : "0 0 0"
		},
		{
			"flags" : 0,
			"id" : 5,
			"offset" : "0 0 0"
		},
		{
			"flags" : 0,
			"id" : 6,
			"offset" : "0 0 0"
		},
		{
			"flags" : 0,
			"id" : 7,
			"offset" : "0 0 0"
		}
	],
	"emitter" : 
	[
		{
			"directions" : "1 1 0",
			"distancemax" : 0,
			"distancemin" : 0,
			"id" : 5,
			"instantaneous" : 1,
			"name" : "sphererandom",
			"origin" : "0 0 0",
			"rate" : 0
		}
	],
	"flags" : null,
	"initializer" : 
	[
		{
			"id" : 2,
			"max" : 0.14999999999999999,
			"min" : 0.10000000000000001,
			"name" : "lifetimerandom"
		},
		{
			"id" : 3,
			"max" : 1200,
			"min" : 1000,
			"name" : "sizerandom"
		},
		{
			"exponent" : 1,
			"id" : 4,
			"max" : "128 210 255",
			"min" : "85 180 255",
			"name" : "colorrandom"
		}
	],
	"material" : "materials/presets/fireworks_halo.json",
	"maxcount" : 4,
	"operator" : 
	[
		{
			"id" : 6,
			"name" : "alphafade"
		},
		{
			"id" : 7,
			"name" : "sizechange",
			"starttime" : 0.5
		},
		{
			"endtime" : 0.5,
			"endvalue" : 1,
			"id" : 8,
			"name" : "sizechange",
			"startvalue" : 0
		}
	],
	"renderer" : 
	[
		{
			"id" : 1,
			"name" : "sprite"
		}
	],
	"starttime" : 0
}