{
	"animationmode" : null,
	"children" : null,
	"controlpoint" : 
	[
		{
			"flags" : 0,
			"id" : 0,
			"offset" : "0 0 0"
		},
		{
			"flags" : 0,
			"id" : 1,
			"offset" : "0 0 0"
		},
		{
			"flags" : 0,
			"id" : 2,
			"offset" : "0 0 0"
		},
		{
			"flags" : 0,
			"id" : 3,
			"offset" : "0 0 0"
		},
		{
			"flags" : 0,
			"id" : 4,
			"offset" : "0 0 0"
		},
		{
			"flags" : 0,
			"id" : 5,
			"offset" : "0 0 0"
		},
		{
			"flags" : 0,
			"id" : 6,
			"offset" : "0 0 0"
		},
		{
			"flags" : 0,
			"id" : 7,
			"offset" : "0 0 0"
		}
	],
	"emitter" : 
	[
		{
			"directions" : "1 1 0",
			"distancemax" : 16,
			"distancemin" : 0,
			"id" : 6,
			"name" : "sphererandom",
			"origin" : "0 0 0",
			"rate" : 5
		}
	],
	"flags" : null,
	"initializer" : 
	[
		{
			"id" : 2,
			"max" : 5,
			"min" : 2,
			"name" : "lifetimerandom"
		},
		{
			"id" : 3,
			"max" : 250,
			"min" : 90,
			"name" : "sizerandom"
		},
		{
			"id" : 4,
			"max" : "255 255 255",
			"min" : "255 255 255",
			"name" : "colorrandom"
		},
		{
			"id" : 5,
			"name" : "turbulentvelocityrandom",
			"scale" : 0.29999999999999999,
			"speedmax" : 90,
			"speedmin" : 10
		}
	],
	"material" : "materials/presets/bubbles2.json",
	"maxcount" : 32,
	"operator" : 
	[
		{
			"drag" : 0.20000000000000001,
			"gravity" : "0 100 0",
			"id" : 7,
			"name" : "movement"
		},
		{
			"fadeintime" : 0.5,
			"id" : 8,
			"name" : "alphafade"
		}
	],
	"renderer" : 
	[
		{
			"id" : 1,
			"length" : 0.01,
			"maxlength" : 2,
			"name" : "spritetrail"
		}
	],
	"sequencemultiplier" : 2,
	"starttime" : 0
}