{
	"animationmode" : null,
	"children" : null,
	"controlpoint" : 
	[
		{
			"flags" : 0,
			"id" : 0,
			"offset" : "0 0 0"
		},
		{
			"flags" : 0,
			"id" : 1,
			"offset" : "0 0 0"
		},
		{
			"flags" : 0,
			"id" : 2,
			"offset" : "0 0 0"
		},
		{
			"flags" : 0,
			"id" : 3,
			"offset" : "0 0 0"
		},
		{
			"flags" : 0,
			"id" : 4,
			"offset" : "0 0 0"
		},
		{
			"flags" : 0,
			"id" : 5,
			"offset" : "0 0 0"
		},
		{
			"flags" : 0,
			"id" : 6,
			"offset" : "0 0 0"
		},
		{
			"flags" : 0,
			"id" : 7,
			"offset" : "0 0 0"
		}
	],
	"emitter" : 
	[
		{
			"directions" : "1 1 0",
			"distancemax" : 16,
			"distancemin" : 0,
			"id" : 5,
			"name" : "sphererandom",
			"origin" : "0 0 0",
			"rate" : 15,
			"speedmax" : 15,
			"speedmin" : 10
		}
	],
	"flags" : 1,
	"initializer" : 
	[
		{
			"id" : 2,
			"max" : 0.5,
			"min" : 0.29999999999999999,
			"name" : "lifetimerandom"
		},
		{
			"id" : 3,
			"max" : 50,
			"min" : 20,
			"name" : "sizerandom"
		},
		{
			"id" : 4,
			"max" : "83 225 255",
			"min" : "60 143 255",
			"name" : "colorrandom"
		}
	],
	"material" : "materials/presets/magic_focus_trails.json",
	"maxcount" : 32,
	"operator" : 
	[
		{
			"gravity" : "0 0 0",
			"id" : 6,
			"name" : "movement"
		},
		{
			"fadeintime" : 0.5,
			"id" : 7,
			"name" : "alphafade"
		}
	],
	"renderer" : 
	[
		{
			"id" : 1,
			"name" : "sprite"
		}
	],
	"sequencemultiplier" : null,
	"starttime" : 0
}