{
	"animationmode" : null,
	"children" : 
	[
		{
			"flags" : 0,
			"id" : 10,
			"maxcount" : 16,
			"name" : "particles/presets/magic_focus_trails.json",
			"type" : "eventfollow"
		}
	],
	"controlpoint" : 
	[
		{
			"flags" : 0,
			"id" : 0,
			"offset" : "0 0 0"
		},
		{
			"flags" : 0,
			"id" : 1,
			"offset" : "0 0 0"
		},
		{
			"flags" : 0,
			"id" : 2,
			"offset" : "0 0 0"
		},
		{
			"flags" : 0,
			"id" : 3,
			"offset" : "0 0 0"
		},
		{
			"flags" : 0,
			"id" : 4,
			"offset" : "0 0 0"
		},
		{
			"flags" : 0,
			"id" : 5,
			"offset" : "0 0 0"
		},
		{
			"flags" : 0,
			"id" : 6,
			"offset" : "0 0 0"
		},
		{
			"flags" : 0,
			"id" : 7,
			"offset" : "0 0 0"
		}
	],
	"emitter" : 
	[
		{
			"directions" : "1 1 0",
			"distancemax" : 256,
			"distancemin" : 256,
			"id" : 6,
			"name" : "sphererandom",
			"origin" : "0 0 0",
			"rate" : 5,
			"speedmax" : -260,
			"speedmin" : -260
		}
	],
	"flags" : null,
	"initializer" : 
	[
		{
			"id" : 2,
			"max" : 1,
			"min" : 0.69999999999999996,
			"name" : "lifetimerandom"
		},
		{
			"id" : 3,
			"max" : 25,
			"min" : 15,
			"name" : "sizerandom"
		},
		{
			"id" : 4,
			"max" : "83 225 255",
			"min" : "60 143 255",
			"name" : "colorrandom"
		}
	],
	"material" : "materials/presets/magic_focus.json",
	"maxcount" : 32,
	"operator" : 
	[
		{
			"gravity" : "0 0 0",
			"id" : 7,
			"name" : "movement"
		},
		{
			"fadeintime" : 0.5,
			"id" : 8,
			"name" : "alphafade"
		},
		{
			"id" : 9,
			"name" : "controlpointattract",
			"origin" : "0 0 0",
			"scale" : 0,
			"threshold" : 9999
		}
	],
	"renderer" : 
	[
		{
			"id" : 1,
			"length" : 1,
			"name" : "ropetrail"
		}
	],
	"sequencemultiplier" : null,
	"starttime" : 0
}