{
	"animationmode" : null,
	"children" : null,
	"controlpoint" : 
	[
		{
			"flags" : 0,
			"id" : 0,
			"offset" : "0 0 0"
		},
		{
			"flags" : 0,
			"id" : 1,
			"offset" : "0 0 0"
		},
		{
			"flags" : 0,
			"id" : 2,
			"offset" : "0 0 0"
		},
		{
			"flags" : 0,
			"id" : 3,
			"offset" : "0 0 0"
		},
		{
			"flags" : 0,
			"id" : 4,
			"offset" : "0 0 0"
		},
		{
			"flags" : 0,
			"id" : 5,
			"offset" : "0 0 0"
		},
		{
			"flags" : 0,
			"id" : 6,
			"offset" : "0 0 0"
		},
		{
			"flags" : 0,
			"id" : 7,
			"offset" : "0 0 0"
		}
	],
	"emitter" : 
	[
		{
			"directions" : "1 1 0",
			"distancemax" : 0,
			"distancemin" : 0,
			"id" : 5,
			"name" : "sphererandom",
			"origin" : "0 0 0",
			"rate" : 5
		}
	],
	"flags" : null,
	"initializer" : 
	[
		{
			"id" : 2,
			"max" : 2,
			"min" : 2,
			"name" : "lifetimerandom"
		},
		{
			"id" : 3,
			"max" : 600,
			"min" : 600,
			"name" : "sizerandom"
		},
		{
			"id" : 4,
			"max" : "0 0 -30",
			"min" : "0 0 -10",
			"name" : "angularvelocityrandom"
		}
	],
	"material" : "materials/presets/magic_glyph_1_swirl.json",
	"maxcount" : 12,
	"operator" : 
	[
		{
			"gravity" : "0 0 0",
			"id" : 6,
			"name" : "movement"
		},
		{
			"fadeintime" : 0.10000000000000001,
			"fadeouttime" : 0.10000000000000001,
			"id" : 7,
			"name" : "alphafade"
		},
		{
			"force" : "0 0 0",
			"id" : 8,
			"name" : "angularmovement"
		},
		{
			"endvalue" : "1 0.7098039215686275 0.24313725490196078",
			"id" : 9,
			"name" : "colorchange",
			"startvalue" : "0 0.03137254901960784 1"
		},
		{
			"id" : 10,
			"name" : "oscillatesize",
			"scalemax" : 1.1000000000000001,
			"scalemin" : 0.90000000000000002
		},
		{
			"id" : 11,
			"name" : "oscillatealpha",
			"scalemin" : 0.29999999999999999
		}
	],
	"renderer" : 
	[
		{
			"id" : 1,
			"name" : "sprite"
		}
	],
	"sequencemultiplier" : null,
	"starttime" : 2
}