{
	"animationmode" : null,
	"children" : 
	[
		{
			"id" : 8,
			"maxcount" : 32,
			"name" : "particles/presets/poweruptrails.json",
			"type" : "eventfollow"
		}
	],
	"controlpoint" : 
	[
		{
			"flags" : 0,
			"id" : 0,
			"offset" : "0 0 0"
		},
		{
			"flags" : 1,
			"id" : 1,
			"offset" : "0 0 0"
		},
		{
			"flags" : 0,
			"id" : 2,
			"offset" : "0 0 0"
		},
		{
			"flags" : 0,
			"id" : 3,
			"offset" : "0 0 0"
		},
		{
			"flags" : 0,
			"id" : 4,
			"offset" : "0 0 0"
		},
		{
			"flags" : 0,
			"id" : 5,
			"offset" : "0 0 0"
		},
		{
			"flags" : 0,
			"id" : 6,
			"offset" : "0 0 0"
		},
		{
			"flags" : 0,
			"id" : 7,
			"offset" : "0 0 0"
		}
	],
	"emitter" : 
	[
		{
			"directions" : "1 1 0",
			"distancemax" : 512,
			"distancemin" : 0,
			"id" : 3,
			"name" : "sphererandom",
			"origin" : "0 -128 0",
			"rate" : 2
		}
	],
	"flags" : null,
	"initializer" : 
	[
		{
			"id" : 1,
			"max" : 5,
			"min" : 3,
			"name" : "lifetimerandom"
		},
		{
			"id" : 2,
			"max" : "0 120 0",
			"min" : "0 80 0",
			"name" : "velocityrandom"
		},
		{
			"id" : 9,
			"max" : "255 227 85",
			"min" : "255 227 85",
			"name" : "colorrandom"
		}
	],
	"material" : "materials/presets/powerup.json",
	"maxcount" : 32,
	"operator" : 
	[
		{
			"drag" : 0.5,
			"gravity" : "0 60 0",
			"id" : 4,
			"name" : "movement"
		},
		{
			"fadeintime" : 0.5,
			"id" : 5,
			"name" : "alphafade"
		},
		{
			"frequencymax" : 3,
			"frequencymin" : 2,
			"id" : 6,
			"name" : "oscillateposition",
			"scalemin" : 8
		},
		{
			"controlpoint" : 1,
			"id" : 7,
			"name" : "controlpointattract",
			"origin" : "0 0 0",
			"scale" : -512,
			"threshold" : 96
		}
	],
	"renderer" : [],
	"sequencemultiplier" : null,
	"starttime" : 0
}