{
	"animationmode" : null,
	"children" : null,
	"controlpoint" : 
	[
		{
			"flags" : 0,
			"id" : 0,
			"offset" : "0 0 0"
		},
		{
			"flags" : 0,
			"id" : 1,
			"offset" : "0 0 0"
		},
		{
			"flags" : 0,
			"id" : 2,
			"offset" : "0 0 0"
		},
		{
			"flags" : 0,
			"id" : 3,
			"offset" : "0 0 0"
		},
		{
			"flags" : 0,
			"id" : 4,
			"offset" : "0 0 0"
		},
		{
			"flags" : 0,
			"id" : 5,
			"offset" : "0 0 0"
		},
		{
			"flags" : 0,
			"id" : 6,
			"offset" : "0 0 0"
		},
		{
			"flags" : 0,
			"id" : 7,
			"offset" : "0 0 0"
		}
	],
	"emitter" : 
	[
		{
			"directions" : "1 1 0",
			"distancemax" : 0,
			"distancemin" : 0,
			"id" : 5,
			"name" : "sphererandom",
			"origin" : "0 0 0",
			"rate" : 6
		}
	],
	"flags" : 1,
	"initializer" : 
	[
		{
			"id" : 2,
			"max" : 1,
			"min" : 1,
			"name" : "lifetimerandom"
		},
		{
			"id" : 3,
			"max" : 85,
			"min" : 80,
			"name" : "sizerandom"
		}
	],
	"material" : "materials/presets/poweruptrail.json",
	"maxcount" : 32,
	"operator" : 
	[
		{
			"gravity" : "0 0 0",
			"id" : 6,
			"name" : "movement"
		},
		{
			"fadeintime" : 0.5,
			"id" : 7,
			"name" : "alphafade"
		},
		{
			"id" : 8,
			"name" : "sizechange"
		},
		{
			"endvalue" : "1 1 1",
			"id" : 10,
			"name" : "colorchange",
			"startvalue" : "1 0.8901960784313725 0.3333333333333333"
		}
	],
	"renderer" : 
	[
		{
			"id" : 1,
			"name" : "sprite"
		}
	],
	"sequencemultiplier" : null,
	"starttime" : 0
}