{
	"camera" : 
	{
		"center" : "0.000 0.000 -1.000",
		"eye" : "0.000 0.000 0.000",
		"up" : "0.000 1.000 0.000"
	},
	"general" : 
	{
		"ambientcolor" : "0.3 0.3 0.3",
		"bloom" : false,
		"bloomstrength" : 2,
		"bloomthreshold" : 0.64999997615814209,
		"cameraparallax" : false,
		"cameraparallaxamount" : 0.5,
		"cameraparallaxdelay" : 0.10000000149011612,
		"cameraparallaxmouseinfluence" : 0,
		"camerapreview" : true,
		"camerashake" : false,
		"camerashakeamplitude" : 0.5,
		"camerashakeroughness" : 1,
		"camerashakespeed" : 3,
		"clearcolor" : "0.7 0.7 0.7",
		"orthogonalprojection" : 
		{
			"height" : 256,
			"width" : 256
		},
		"skylightcolor" : "0.3 0.3 0.3"
	},
	"objects" : 
	[
		{
			"angles" : "0.000 0.000 0.000",
			"id" : 29,
			"image" : null,
			"model" : null,
			"name" : "Rain",
			"origin" : "110.971 2.479 0.000",
			"parallaxDepth" : "1.000 1.000",
			"particle" : "particles/presets/ember.json",
			"particlesrc" : null,
			"scale" : "0.324 0.324 1.000"
		}
	]
}