{
	"animationmode" : null,
	"children" : null,
	"controlpoint" : 
	[
		{
			"flags" : 0,
			"id" : 0,
			"offset" : "0 0 0"
		},
		{
			"flags" : 1,
			"id" : 1,
			"offset" : "0 0 0"
		},
		{
			"flags" : 0,
			"id" : 2,
			"offset" : "0 0 0"
		},
		{
			"flags" : 0,
			"id" : 3,
			"offset" : "0 0 0"
		},
		{
			"flags" : 0,
			"id" : 4,
			"offset" : "0 0 0"
		},
		{
			"flags" : 0,
			"id" : 5,
			"offset" : "0 0 0"
		},
		{
			"flags" : 0,
			"id" : 6,
			"offset" : "0 0 0"
		},
		{
			"flags" : 0,
			"id" : 7,
			"offset" : "0 0 0"
		}
	],
	"emitter" : 
	[
		{
			"distancemax" : "1024 512 0",
			"id" : 6,
			"name" : "boxrandom"
		}
	],
	"flags" : null,
	"initializer" : 
	[
		{
			"id" : 2,
			"max" : 10,
			"min" : 3,
			"name" : "lifetimerandom"
		},
		{
			"id" : 3,
			"max" : 10,
			"min" : 5,
			"name" : "sizerandom"
		},
		{
			"id" : 4,
			"max" : "10 10 0",
			"min" : "-10 -10 0",
			"name" : "velocityrandom"
		},
		{
			"id" : 5,
			"max" : "255 242 176",
			"min" : "251 255 180",
			"name" : "colorrandom"
		}
	],
	"material" : "materials/presets/dust_motes_0.json",
	"maxcount" : 128,
	"operator" : 
	[
		{
			"drag" : 1,
			"gravity" : "0 0 0",
			"id" : 7,
			"name" : "movement"
		},
		{
			"fadeintime" : 0.29999999999999999,
			"fadeouttime" : 0.69999999999999996,
			"id" : 8,
			"name" : "alphafade"
		},
		{
			"frequencymax" : 1,
			"frequencymin" : 0.5,
			"id" : 9,
			"name" : "oscillateposition",
			"scalemax" : 10
		},
		{
			"frequencymax" : 7,
			"frequencymin" : 3,
			"id" : 10,
			"name" : "oscillatealpha",
			"scalemax" : 0.80000000000000004,
			"scalemin" : 0.5
		},
		{
			"controlpoint" : 1,
			"id" : 11,
			"name" : "controlpointattract",
			"origin" : "0 0 0",
			"scale" : -1024,
			"threshold" : 32
		}
	],
	"renderer" : 
	[
		{
			"id" : 1,
			"name" : "sprite"
		}
	],
	"sequencemultiplier" : null,
	"starttime" : 1
}