{
	"animationmode" : "randomframe",
	"children" : null,
	"controlpoint" : 
	[
		{
			"flags" : 0,
			"id" : 0,
			"offset" : "0 0 0"
		},
		{
			"flags" : 0,
			"id" : 1,
			"offset" : "0 0 0"
		},
		{
			"flags" : 0,
			"id" : 2,
			"offset" : "0 0 0"
		},
		{
			"flags" : 0,
			"id" : 3,
			"offset" : "0 0 0"
		},
		{
			"flags" : 0,
			"id" : 4,
			"offset" : "0 0 0"
		},
		{
			"flags" : 0,
			"id" : 5,
			"offset" : "0 0 0"
		},
		{
			"flags" : 0,
			"id" : 6,
			"offset" : "0 0 0"
		},
		{
			"flags" : 0,
			"id" : 7,
			"offset" : "0 0 0"
		}
	],
	"emitter" : 
	[
		{
			"directions" : "1 0 0",
			"distancemax" : 800,
			"distancemin" : 32,
			"id" : 6,
			"name" : "sphererandom",
			"origin" : "0 1200 0",
			"rate" : 100
		}
	],
	"flags" : null,
	"initializer" : 
	[
		{
			"id" : 2,
			"max" : 0.5,
			"min" : 0.5,
			"name" : "lifetimerandom"
		},
		{
			"id" : 3,
			"max" : 1600,
			"min" : 800,
			"name" : "sizerandom"
		},
		{
			"id" : 4,
			"max" : "-40 -3500 0",
			"min" : "-50 -5000 0",
			"name" : "velocityrandom"
		},
		{
			"id" : 5,
			"max" : "255 255 255",
			"min" : "255 255 255",
			"name" : "colorrandom"
		},
		{
			"id" : 10,
			"max" : 0.7,
			"min" : 0.5,
			"name" : "alpharandom"
		}
	],
	"material" : "materials/presets/raindownpour.json",
	"maxcount" : 64,
	"operator" : 
	[
		{
			"gravity" : "0 0 0",
			"id" : 7,
			"name" : "movement"
		},
		{
			"fadeintime" : 0.5,
			"id" : 8,
			"name" : "alphafade"
		}
	],
	"renderer" : 
	[
		{
			"id" : 1,
			"name" : "sprite"
		}
	],
	"sequencemultiplier" : null,
	"starttime" : 1
}