{
	"camera" : 
	{
		"center" : "0.000 0.000 -1.000",
		"eye" : "0.000 0.000 0.000",
		"up" : "0.000 1.000 0.000"
	},
	"general" : 
	{
		"ambientcolor" : "0.3 0.3 0.3",
		"bloom" : false,
		"bloomstrength" : 2,
		"bloomthreshold" : 0.64999997615814209,
		"cameraparallax" : false,
		"cameraparallaxamount" : 0.5,
		"cameraparallaxdelay" : 0.10000000149011612,
		"cameraparallaxmouseinfluence" : 0,
		"camerapreview" : true,
		"camerashake" : false,
		"camerashakeamplitude" : 0.5,
		"camerashakeroughness" : 1,
		"camerashakespeed" : 3,
		"clearcolor" : "0.7 0.7 0.7",
		"orthogonalprojection" : 
		{
			"height" : 256,
			"width" : 256
		},
		"skylightcolor" : "0.3 0.3 0.3"
	},
	"objects" : 
	[
		{
			"angles" : "0.000 0.000 0.000",
			"copybackground" : true,
			"effects" : 
			[
				{
					"file" : "effects/foliagesway/effect.json",
					"passes" : 
					[
						{
							"constantshadervalues" : 
							{
								"Phase" : 0,
								"Power" : 1.4199999570846558,
								"Speed" : 2.2699999809265137,
								"Strength" : 15
							}
						}
					]
				}
			],
			"id" : 18,
			"image" : "models/presets/fern1.json",
			"model" : null,
			"name" : "Fern",
			"origin" : "128.000 128.000 0.000",
			"parallaxDepth" : "1.000 1.000",
			"scale" : "0.477 0.477 1.000",
			"size" : "299.000 512.000",
			"visible" : true
		}
	]
}