{
	"name" : "ui_editor_preset_fireworks_title",
	"description" : "ui_editor_preset_fireworks_description",
	"tag" : "scene2d",
	"group" : "preset",
	"options" :
	{
		"droplistVisible" : true,
		"droplistOptions" :
		[
			{
				"label" : "Fireworks 1",
				"value" : 0
			},
			{
				"label" : "Fireworks 2",
				"value" : 1
			},
			{
				"label" : "Fireworks 3",
				"value" : 2
			}
		]
	},
	"variants" :
	[
		{
			"preview" : "preview_fireworks1/project.json",
			"objects" :
			[
				{
					"angles" : "0.000 0.000 0.000",
					"name" : "Fireworks 1",
					"origin" : "0.000 0.000 0.000",
					"particle" : "particles/presets/fireworks1.json",
					"scale" : "1.000 1.000 1.000"
				}
			],
			"dependencies" :
			[
				"materials/presets/fireworks_halo.json",
				"materials/presets/fireworks_halo_4.json",
				"particles/presets/fireworks1.json",
				"particles/presets/fireworks1flare.json",
				"particles/presets/fireworks1hit.json"
			]
		},
		{
			"preview" : "preview_fireworks2/project.json",
			"objects" :
			[
				{
					"angles" : "0.000 0.000 0.000",
					"name" : "Fireworks 2",
					"origin" : "0.000 0.000 0.000",
					"particle" : "particles/presets/fireworks2.json",
					"scale" : "1.000 1.000 1.000"
				}
			],
			"dependencies" :
			[
				"materials/presets/fireworks_halo.json",
				"materials/presets/fireworks_halo_4.json",
				"particles/presets/fireworks2.json",
				"particles/presets/fireworks2flare.json",
				"particles/presets/fireworks2hit.json"
			]
		},
		{
			"preview" : "preview_fireworks3/project.json",
			"objects" :
			[
				{
					"angles" : "0.000 0.000 0.000",
					"name" : "Fireworks 2",
					"origin" : "0.000 0.000 0.000",
					"particle" : "particles/presets/fireworks3.json",
					"scale" : "1.000 1.000 1.000"
				}
			],
			"dependencies" :
			[
				"materials/presets/fireworks_halo.json",
				"materials/presets/fireworks_halo_4.json",
				"particles/presets/fireworks3.json",
				"particles/presets/fireworks3flare.json",
				"particles/presets/fireworks3hit.json"
			]
		}
	]
}