{
	"name" : "ui_editor_preset_lightning_title",
	"description" : "ui_editor_preset_lightning_description",
	"tag" : "scene2d",
	"group" : "preset",
	"options" :
	{
		"droplistVisible" : true,
		"droplistOptions" :
		[
			{
				"label" : "ui_editor_preset_lightning_variant_lightning_cloud",
				"value" : 0
			},
			{
				"label" : "ui_editor_preset_lightning_variant_thunderbolt",
				"value" : 1
			},
			{
				"label" : "ui_editor_preset_lightning_variant_discharge",
				"value" : 2
			}
		]
	},
	"variants" :
	[
		{
			"preview" : "previewlightning1/project.json",
			"objects" :
			[
				{
					"angles" : "0.000 0.000 0.000",
					"name" : "Lightning cloud",
					"origin" : "0.000 0.000 0.000",
					"particle" : "particles/presets/lightning1.json",
					"scale" : "1.000 1.000 1.000"
				}
			],
			"dependencies" :
			[
				"materials/presets/lightning1.json",
				"materials/presets/lightning1b.json",
				"particles/presets/lightning1.json",
				"particles/presets/lightning1b.json"
			]
		},
		{
			"preview" : "previewlightning2/project.json",
			"objects" :
			[
				{
					"angles" : "0.000 0.000 0.000",
					"name" : "Thunderbolt",
					"origin" : "0.000 0.000 0.000",
					"particle" : "particles/presets/lightning2.json",
					"scale" : "1.000 1.000 1.000"
				}
			],
			"dependencies" :
			[
				"materials/presets/lightning2.json",
				"materials/presets/lightning2glow.json",
				"particles/presets/lightning2.json",
				"particles/presets/lightning2glow.json"
			]
		},
		{
			"preview" : "previewdischarge/project.json",
			"objects" :
			[
				{
					"angles" : "0.000 0.000 0.000",
					"name" : "Discharge",
					"origin" : "0.000 0.000 0.000",
					"particle" : "particles/presets/discharge.json",
					"scale" : "1.000 1.000 1.000"
				}
			],
			"dependencies" :
			[
				"materials/presets/discharge.json",
				"particles/presets/discharge.json"
			]
		}
	]
}