{
	"children" : null,
	"controlpoint" : 
	[
		{
			"flags" : 0,
			"id" : 0,
			"offset" : "0 0 0"
		},
		{
			"flags" : 0,
			"id" : 1,
			"offset" : "0 0 0"
		},
		{
			"flags" : 0,
			"id" : 2,
			"offset" : "0 0 0"
		},
		{
			"flags" : 0,
			"id" : 3,
			"offset" : "0 0 0"
		},
		{
			"flags" : 0,
			"id" : 4,
			"offset" : "0 0 0"
		},
		{
			"flags" : 0,
			"id" : 5,
			"offset" : "0 0 0"
		},
		{
			"flags" : 0,
			"id" : 6,
			"offset" : "0 0 0"
		},
		{
			"flags" : 0,
			"id" : 7,
			"offset" : "0 0 0"
		}
	],
	"emitter" : 
	[
		{
			"directions" : "1 1 0",
			"distancemax" : 6,
			"distancemin" : 0,
			"id" : 7,
			"name" : "sphererandom",
			"origin" : "0 0 0",
			"rate" : 30
		}
	],
	"flags" : 1,
	"initializer" : 
	[
		{
			"exponent" : 2,
			"id" : 2,
			"max" : 1,
			"min" : 0.5,
			"name" : "lifetimerandom"
		},
		{
			"exponent" : 2,
			"id" : 3,
			"max" : 50,
			"min" : 20,
			"name" : "sizerandom"
		},
		{
			"id" : 4,
			"max" : "5 5 0",
			"min" : "-5 -5 0",
			"name" : "velocityrandom"
		},
		{
			"id" : 5,
			"max" : "150 255 132",
			"min" : "136 255 67",
			"name" : "colorrandom"
		},
		{
			"id" : 6,
			"max" : 0.40000000000000002,
			"min" : 0.20000000000000001,
			"name" : "alpharandom"
		}
	],
	"material" : "materials/presets/firefliestrail.json",
	"maxcount" : 25,
	"operator" : 
	[
		{
			"drag" : 0.01,
			"gravity" : "0 0 0",
			"id" : 8,
			"name" : "movement"
		},
		{
			"fadeintime" : 0.10000000000000001,
			"fadeouttime" : 0.10000000000000001,
			"id" : 9,
			"name" : "alphafade"
		},
		{
			"id" : 10,
			"name" : "sizechange"
		}
	],
	"renderer" : 
	[
		{
			"id" : 1,
			"name" : "sprite"
		}
	],
	"starttime" : 0
}